"simID","areaName","scenario","mgmt","cropped","spinup","fire","BDA","wind","harvest","replicate"
"00","Maskinonge","baseline","baseline",FALSE,FALSE,FALSE,TRUE,TRUE,TRUE,1
"01","Maskinonge","RCP45","baseline",FALSE,FALSE,FALSE,TRUE,TRUE,TRUE,1
"02","Maskinonge","RCP85","baseline",FALSE,FALSE,FALSE,TRUE,TRUE,TRUE,1
"03","Maskinonge","baseline","baseline",FALSE,FALSE,FALSE,TRUE,TRUE,TRUE,2
"04","Maskinonge","RCP45","baseline",FALSE,FALSE,FALSE,TRUE,TRUE,TRUE,2
"05","Maskinonge","RCP85","baseline",FALSE,FALSE,FALSE,TRUE,TRUE,TRUE,2
"06","Maskinonge","baseline","baseline",FALSE,FALSE,FALSE,TRUE,TRUE,TRUE,3
"07","Maskinonge","RCP45","baseline",FALSE,FALSE,FALSE,TRUE,TRUE,TRUE,3
"08","Maskinonge","RCP85","baseline",FALSE,FALSE,FALSE,TRUE,TRUE,TRUE,3
"09","Maskinonge","baseline","baseline",FALSE,FALSE,FALSE,TRUE,TRUE,TRUE,4
"10","Maskinonge","RCP45","baseline",FALSE,FALSE,FALSE,TRUE,TRUE,TRUE,4
"11","Maskinonge","RCP85","baseline",FALSE,FALSE,FALSE,TRUE,TRUE,TRUE,4
"12","Maskinonge","baseline","baseline",FALSE,FALSE,FALSE,TRUE,TRUE,TRUE,5
"13","Maskinonge","RCP45","baseline",FALSE,FALSE,FALSE,TRUE,TRUE,TRUE,5
"14","Maskinonge","RCP85","baseline",FALSE,FALSE,FALSE,TRUE,TRUE,TRUE,5
